x,y,crash,resto,atm,super,bar,busstp,cafe,conven,deptst,fastfd,gc,hotel,market,metro,temple
121.5589316,24.98050449,244,16,0,1,0,2,1,2,0,0,0,0,0,0,0
121.567688,24.97986558,179,3,1,0,0,15,1,1,0,0,0,0,0,0,2
121.5673925,24.9826004,542,21,0,1,0,4,4,4,0,2,1,0,0,0,0
121.5592087,24.98132736,407,32,1,2,0,8,0,3,0,3,0,0,0,0,0
121.5599523,24.98150602,295,30,0,0,0,4,1,2,0,2,0,0,0,0,0
121.5687893,24.98396305,458,64,0,2,0,8,1,4,0,0,0,0,0,0,0
121.5859112,24.97660536,288,13,1,0,0,44,5,4,0,0,0,0,0,0,11
121.5606362,24.98504123,596,20,0,0,0,7,0,2,0,0,1,0,0,0,0
121.5609735,24.98657996,263,11,0,1,0,1,0,1,0,1,0,0,0,0,0
121.5459724,24.98672333,1079,19,3,0,0,6,1,4,0,2,0,0,0,0,0
121.56922,24.98519962,821,26,1,0,0,14,0,6,0,1,0,0,0,0,0
121.5593808,24.98871516,526,22,0,0,0,6,0,3,0,0,0,0,0,0,0
121.5409045,24.9894634,1030,106,0,1,1,8,8,5,1,1,5,0,2,0,0
121.5523771,24.98903563,1225,45,0,1,0,10,4,5,0,2,0,0,0,0,2
121.5617693,24.98884684,307,15,0,0,0,4,1,4,0,3,0,0,0,0,0
121.5373069,24.99185396,263,7,0,1,0,1,1,2,0,1,1,0,0,0,0
121.5652897,24.98839446,654,40,1,2,0,11,4,2,0,2,0,0,0,0,0
121.544154,24.99246257,320,24,0,1,0,2,2,3,0,3,2,0,0,0,0
121.5598092,24.99537995,301,10,0,1,0,2,0,2,0,0,0,0,0,0,0
121.584072,24.9865471,281,20,1,0,0,31,0,3,0,0,0,0,0,0,2
121.5362564,24.99521389,342,9,2,1,0,7,1,3,0,0,1,0,0,1,1
121.5417011,24.9929382,665,51,0,0,1,5,8,7,0,2,1,0,0,0,0
121.5453378,24.99706832,278,19,0,1,0,4,2,1,0,1,0,0,0,0,0
121.5411222,24.9949058,428,18,0,1,0,1,3,3,0,0,1,0,0,0,0
121.554087,24.9998603,886,54,0,1,0,11,3,4,0,6,0,0,0,0,0
121.5474591,24.9989574,301,22,0,0,0,6,1,2,0,3,0,0,0,0,1
121.5512856,25.0011715,479,7,0,3,0,5,1,4,0,1,0,0,0,0,0
121.5405738,24.99888739,380,7,0,1,0,3,3,1,0,0,0,0,0,0,0
121.5603075,24.99687685,703,32,1,2,0,10,9,2,0,3,1,0,0,1,0
121.5363827,25.00003833,273,29,0,2,0,4,7,4,0,1,2,0,0,0,0
121.5713512,24.99501459,748,9,0,2,0,12,1,4,0,0,0,0,0,0,0
121.5431216,25.00075182,445,17,0,1,1,6,1,2,0,1,1,0,0,0,0
121.5397039,25.00031895,475,21,1,0,1,3,3,6,0,2,5,0,0,1,0
121.5826525,24.99999573,1000,73,3,1,1,24,4,9,0,5,0,0,0,1,1
121.5515729,25.00184215,201,9,0,1,0,5,3,3,0,1,0,0,0,0,0
121.5355404,25.0041645,293,2,0,2,0,7,0,0,0,0,0,0,0,0,0
121.5690572,24.9987614,354,0,0,0,0,23,0,0,0,0,0,0,0,1,1
121.5388474,25.00435433,376,10,0,0,1,3,2,3,0,1,1,0,0,0,0
121.5516708,25.00306786,203,10,0,2,0,7,0,2,0,4,1,0,0,0,0
121.5379303,25.00721446,1478,11,0,0,0,6,2,4,0,0,1,0,0,0,0
121.5532778,25.00144332,651,13,0,0,0,5,1,3,0,0,0,0,0,1,0
121.5586915,25.00736546,591,3,0,0,0,7,1,2,0,0,0,0,0,0,0
121.5345002,25.01348977,1356,107,1,0,4,6,17,4,0,4,1,0,1,0,0
121.575626,24.9997669,1358,6,0,2,0,38,0,3,0,0,0,0,0,1,1
121.5301716,25.01354507,452,7,1,0,0,3,1,1,1,0,0,0,0,0,0
121.5326078,25.01629572,1009,120,1,0,2,3,24,8,0,3,2,0,0,0,0
121.5598616,25.01761675,196,1,0,0,0,6,0,0,0,1,0,0,0,0,0
121.5506429,25.01683443,893,20,0,0,0,3,0,3,0,0,0,0,0,0,0
121.5565914,25.0206478,553,7,0,0,0,11,0,2,0,2,0,0,0,1,0
121.5253743,25.02083707,684,3,0,0,2,4,3,3,0,1,0,0,0,0,0
121.4932063,25.02047506,102,8,0,0,0,1,0,0,0,0,0,0,0,0,0
121.4952807,25.01615321,663,20,0,0,0,3,0,1,0,1,0,0,0,0,1
121.5004624,25.01740704,937,24,0,0,0,2,0,2,0,0,0,0,0,0,3
121.5030953,25.0195464,220,7,0,0,0,2,0,3,0,0,0,0,0,0,0
121.5294508,25.01956052,866,113,1,1,3,5,45,5,0,8,4,0,0,0,0
121.5379967,25.0085007,3446,54,8,0,0,28,6,11,0,6,1,0,0,1,1
121.5542758,25.0203635,398,43,0,1,0,3,3,5,0,2,0,0,0,0,0
121.4918901,25.02076262,302,3,0,0,0,1,0,0,0,0,0,0,0,0,0
121.5589991,25.01853954,172,18,0,1,0,1,0,3,0,0,0,0,0,0,0
121.5301311,25.02346755,360,25,0,2,0,5,7,4,0,0,0,0,0,1,1
121.5168941,25.02181908,445,4,0,0,0,0,0,3,0,0,0,0,0,0,1
121.5706004,25.01972964,219,0,1,0,0,6,0,0,0,0,0,0,1,0,0
121.5238278,25.02150835,479,12,0,2,0,2,2,2,0,0,0,0,0,0,0
121.4960837,25.02136369,201,7,0,0,0,3,0,2,0,2,0,0,0,0,0
121.5507175,25.02197028,1207,18,0,2,1,6,4,2,0,3,1,0,0,1,0
121.5565493,25.02121945,496,28,0,1,0,4,5,4,0,2,0,0,0,0,0
121.492529,25.0220696,122,3,0,0,0,1,0,1,0,0,0,0,0,0,0
121.5502176,25.02242384,1285,18,3,0,0,5,8,5,0,2,0,0,0,0,0
121.5466595,25.02459727,928,7,0,0,0,4,4,0,0,1,2,0,0,0,0
121.5002504,25.0220601,291,23,0,0,0,3,0,2,0,0,0,0,0,0,0
121.5428515,25.02266879,680,91,1,0,1,4,12,4,0,1,5,0,0,0,0
121.5025096,25.0230469,136,14,0,0,0,3,0,2,0,0,0,0,0,0,0
121.5235664,25.02386991,763,42,0,0,1,4,9,3,0,2,1,0,0,0,0
121.5118826,25.02392394,330,2,0,1,0,12,0,0,0,0,0,0,0,0,1
121.5003986,25.025356,380,33,0,0,0,2,1,1,0,1,0,0,0,0,0
121.5334338,25.02606775,452,13,3,2,0,3,4,3,0,1,0,0,1,0,1
121.5299608,25.02638881,283,67,1,0,0,2,4,2,0,2,0,0,0,0,1
121.507074,25.0267374,173,13,0,0,0,2,0,0,0,0,0,0,0,0,1
121.4915661,25.02489982,472,13,0,0,0,2,1,1,0,1,0,0,0,0,0
121.5658235,25.0253675,189,7,0,0,0,0,0,6,0,2,0,0,0,0,2
121.5284547,25.02651441,827,57,1,1,1,8,16,4,0,2,0,0,0,0,1
121.5700078,25.023721,273,5,1,2,0,9,0,3,0,0,0,0,0,0,4
121.5216462,25.02409995,546,27,1,2,1,2,3,3,0,0,0,0,0,1,2
121.5181181,25.0262761,903,13,0,0,0,5,0,5,0,2,0,0,0,0,2
121.5164902,25.02178052,828,3,0,0,0,4,0,1,0,0,0,0,0,0,0
121.5559051,25.0270959,833,5,0,2,0,3,1,3,0,0,0,0,1,0,0
121.5625277,25.02551026,316,22,0,0,0,11,0,4,0,3,0,0,0,0,0
121.4941225,25.02645644,511,59,0,1,0,4,3,2,0,2,0,0,0,0,0
121.5459809,25.02562635,66,8,1,1,0,0,0,0,0,4,1,0,0,0,0
121.5440364,25.02570582,823,44,2,5,1,5,7,7,0,5,0,0,0,1,0
121.5517714,25.02646232,697,8,0,1,1,4,1,3,0,0,0,0,0,0,1
121.5433179,25.02640604,553,26,4,1,1,5,3,3,0,3,1,0,0,0,1
121.4951532,25.02873477,798,19,0,1,0,5,0,5,0,5,1,0,0,0,1
121.5091564,25.0249713,246,28,0,2,0,4,0,2,0,2,0,0,0,0,2
121.5115196,25.02427436,440,25,0,0,0,8,1,3,0,0,0,0,0,0,1
121.5490138,25.02752374,656,23,0,0,3,8,8,6,1,1,0,0,0,0,0
121.5034209,25.02602955,436,12,0,1,0,5,1,5,0,3,0,0,0,0,0
121.4997842,25.02632602,550,20,0,0,0,4,0,2,0,0,0,0,0,0,0
121.5005971,25.02930648,372,19,0,0,0,1,0,2,0,0,0,0,0,0,0
121.5227915,25.0271426,503,26,2,2,1,4,3,3,0,3,0,0,0,0,0
121.5602414,25.02590688,500,12,0,1,0,3,0,2,0,2,0,0,1,0,0
121.5023248,25.02963719,138,7,1,3,0,2,3,3,0,1,0,0,1,0,0
121.5566367,25.02685313,716,8,0,0,1,1,2,2,0,0,0,0,0,0,0
121.5263547,25.02887332,460,26,2,0,1,6,5,2,0,2,0,0,1,0,0
121.5541952,25.03014684,557,9,0,0,0,1,0,2,0,1,0,0,0,0,0
121.5427664,25.02781191,312,35,0,0,0,3,5,1,0,2,0,0,0,0,0
121.5075228,25.0302262,483,74,0,1,0,3,3,2,0,1,0,0,0,0,0
121.534792,25.02610561,651,13,1,1,0,3,5,2,0,0,0,0,0,0,0
121.5112798,25.02940215,455,12,0,0,0,9,0,1,0,0,0,0,0,0,0
121.5452527,25.02916093,554,23,0,0,1,1,0,2,0,0,0,0,0,0,0
121.5385032,25.02879911,219,10,0,1,0,1,2,2,0,1,1,0,0,0,0
121.5194337,25.03098802,1220,54,4,2,0,16,6,7,0,6,0,0,0,0,0
121.5152047,25.02977028,496,11,0,0,0,4,2,2,0,2,0,0,0,0,1
121.5225488,25.03229528,355,3,0,0,0,3,2,0,0,0,0,0,0,0,0
121.4955782,25.02878889,666,47,0,0,0,5,0,4,0,2,0,0,0,0,0
121.4985767,25.03270039,646,13,0,0,0,6,0,0,0,0,0,0,0,0,0
121.5649235,25.02814345,1057,20,1,2,0,11,6,7,0,3,0,0,0,0,0
121.5649339,25.02914219,759,14,0,0,1,9,8,4,0,1,0,0,1,0,2
121.5595453,25.03268592,694,24,0,0,0,1,3,4,0,2,0,0,0,0,1
121.5557441,25.03294769,613,41,0,2,0,2,4,2,0,1,0,0,2,0,0
121.5533003,25.03170197,501,28,0,0,0,1,5,4,0,1,2,0,0,0,0
121.5523658,25.03170468,898,15,1,3,0,4,5,4,0,2,0,0,0,0,0
121.5041647,25.03001996,468,6,0,1,0,3,1,2,0,0,0,0,0,0,0
121.546104,25.03318792,669,44,2,0,1,2,9,5,0,4,0,0,0,0,0
121.5427567,25.03325998,679,35,0,0,0,2,12,6,0,1,0,0,0,1,1
121.537084,25.03342386,1628,9,1,0,0,10,3,2,0,1,0,0,0,0,0
121.5695122,25.02675925,708,8,0,0,0,6,4,2,0,0,0,0,0,0,0
121.4914162,25.03203369,520,15,0,0,0,4,0,3,0,0,0,0,0,0,0
121.5305555,25.0327299,521,27,0,1,0,4,14,4,0,0,0,0,0,0,0
121.5017674,25.0330151,778,28,0,1,0,11,0,1,0,1,0,0,0,0,0
121.5275183,25.0320431,608,87,0,0,1,6,17,4,0,5,1,0,0,1,0
121.5594849,25.03308032,858,34,1,1,3,5,6,5,0,3,0,0,0,0,0
121.5190426,25.03370981,708,16,1,1,1,3,6,1,0,0,1,0,0,1,0
121.5175437,25.03263081,1363,66,1,1,0,9,10,5,0,5,2,0,1,0,0
121.4926625,25.03349821,974,9,0,0,0,5,1,3,0,1,0,0,0,0,0
121.4991991,25.03519907,446,19,0,1,1,6,3,1,0,1,1,0,0,0,0
121.5260663,25.03445156,402,11,0,0,0,7,2,1,0,1,0,0,0,0,0
121.5751147,25.0329372,205,17,0,0,0,3,0,4,0,1,0,0,0,0,0
121.4988244,25.03438165,1083,18,0,0,0,11,4,5,0,0,0,0,1,1,0
121.5137294,25.03174843,789,21,0,1,0,7,10,3,0,2,0,0,0,0,1
121.5073596,25.03684713,741,28,1,0,0,3,6,0,0,3,1,0,0,0,0
121.5793475,25.03147854,149,5,0,0,0,5,0,0,0,0,0,0,0,0,3
121.5612843,25.03742899,284,11,0,1,0,2,2,2,0,2,0,0,0,0,0
121.5556366,25.03492924,642,43,1,3,4,5,2,2,0,4,0,0,0,0,0
121.5526181,25.03331679,517,26,0,0,1,6,3,3,0,3,0,0,0,1,0
121.5277938,25.03614887,414,42,0,1,0,2,10,5,0,3,6,0,0,0,0
121.5491083,25.03753367,625,20,0,0,1,6,2,6,0,1,0,0,0,0,0
121.548044,25.03336092,603,30,0,1,1,4,4,3,0,2,0,0,0,0,0
121.5451419,25.036431,645,28,0,0,0,5,7,3,0,1,1,0,0,0,0
121.5435437,25.03565841,1067,32,1,0,0,10,3,2,0,2,0,0,0,0,0
121.5375974,25.03481559,927,20,0,2,0,8,3,5,0,2,0,0,0,1,0
121.5307099,25.0380833,519,21,2,0,0,2,1,3,0,2,5,0,0,0,2
121.6169898,25.03797778,287,9,0,0,0,19,0,2,0,0,0,0,0,0,20
121.5614983,25.03594088,2630,143,5,0,4,22,12,3,1,5,0,0,0,1,0
121.5747057,25.03369665,1076,11,1,1,1,7,2,6,0,3,0,0,0,1,0
121.5059673,25.03618285,686,33,1,0,0,5,7,2,0,2,0,0,0,0,0
121.5768696,25.0388185,261,39,0,0,0,3,1,2,0,0,0,0,0,0,0
121.5013692,25.03601421,607,33,1,0,0,7,3,5,0,1,0,0,0,0,0
121.4993965,25.03667315,674,38,0,1,0,7,3,3,0,2,2,0,0,1,0
121.5815076,25.03719669,237,25,0,0,0,2,0,1,0,0,0,0,0,0,0
121.5837665,25.0380783,273,17,0,0,0,2,0,1,0,0,0,0,0,0,4
121.5629463,25.0386999,1185,25,0,0,0,6,2,3,0,0,0,0,0,0,0
121.555256,25.03842241,695,26,0,2,2,4,8,4,0,1,0,0,0,0,0
121.5950477,25.03890685,51,1,0,0,0,4,0,2,0,0,0,0,0,0,3
121.5286397,25.03899125,716,20,0,0,0,9,6,3,0,0,0,0,0,0,0
121.548875,25.0414265,1215,46,1,1,2,4,6,8,0,3,0,0,0,0,0
121.5438769,25.04153816,1922,41,1,1,2,6,14,6,0,1,0,0,0,1,0
121.5436686,25.04156176,1206,17,0,2,0,7,1,5,1,2,0,0,0,0,1
121.5896018,25.03849279,114,6,0,1,0,3,1,1,0,0,0,0,0,0,2
121.585232,25.04115654,292,39,0,1,0,4,0,3,0,1,0,0,0,0,7
121.5076072,25.04048546,686,54,0,2,1,8,4,6,0,6,1,0,0,0,0
121.5114283,25.04127119,2641,45,2,0,0,20,6,9,0,1,1,0,0,1,3
121.495474,25.03837088,1184,7,0,0,0,1,0,1,0,0,0,0,0,0,0
121.4958233,25.0390474,1020,79,1,1,3,6,5,4,0,1,0,0,0,0,0
121.571519,25.041423,574,13,1,1,0,5,0,1,0,1,0,0,0,1,0
121.5302259,25.04110218,827,44,0,3,1,7,10,4,0,5,1,0,1,1,1
121.5788267,25.0398207,531,53,0,0,0,4,2,3,0,2,0,0,0,0,0
121.5169164,25.03585293,2170,34,1,0,0,17,4,7,0,5,1,1,0,0,2
121.62126,25.03931145,592,47,0,1,0,37,0,5,0,2,0,0,0,0,0
121.5639802,25.03999031,2633,142,1,2,2,30,20,9,1,6,0,1,0,1,0
121.5048185,25.0430034,1094,114,2,1,3,5,18,7,0,5,0,1,0,0,0
121.5826427,25.0404221,457,11,1,1,0,4,0,3,0,2,0,0,0,0,0
121.553186,25.04427912,971,41,0,0,2,3,6,5,0,1,0,0,0,0,1
121.537384,25.0417648,680,21,0,2,0,3,7,2,0,0,0,0,1,0,0
121.5437412,25.0443032,872,50,0,0,3,4,8,4,0,1,0,0,0,0,0
121.5001429,25.04207765,1400,12,0,0,0,2,1,1,0,0,0,0,0,0,0
121.5511637,25.04153459,1379,44,0,0,3,3,13,4,0,2,0,0,0,1,1
121.5468944,25.04519591,1916,129,1,1,4,4,13,7,0,2,1,1,0,0,0
121.557634,25.0439154,1451,67,2,2,5,3,11,7,0,1,1,0,0,1,1
121.5344034,25.03849716,2030,37,2,0,0,10,6,6,0,0,0,0,2,0,1
121.5791755,25.04158455,715,32,0,0,1,6,1,7,0,2,0,0,0,0,2
121.519078,25.04329678,1570,76,1,1,1,10,16,9,0,6,0,0,1,0,0
121.5837747,25.04382461,233,9,0,1,0,4,0,5,0,0,0,0,0,0,0
121.5771692,25.0432747,205,7,0,1,0,1,0,2,0,0,0,0,0,0,0
121.5736644,25.04340755,248,10,0,0,0,2,0,2,0,1,0,0,0,0,0
121.5702188,25.04305104,173,5,0,1,0,2,0,1,0,0,0,0,0,0,0
121.570094,25.043011,487,17,0,0,1,4,2,3,0,0,1,0,0,0,0
121.503121,25.04552274,1513,118,1,0,3,6,15,12,1,7,0,0,0,0,0
121.5928654,25.04403973,398,25,0,1,0,11,0,3,0,0,0,0,0,0,2
121.5383844,25.04540656,1272,22,0,1,0,9,7,3,0,0,0,0,0,0,1
121.5241945,25.0476987,3117,47,3,1,2,14,25,11,0,5,0,0,0,1,0
121.5855426,25.04649383,471,24,0,2,0,7,2,2,0,2,0,0,0,1,2
121.543939,25.04497395,719,20,0,0,1,3,5,3,0,0,0,0,0,0,0
121.5481417,25.04506769,330,1,0,0,0,2,2,1,0,0,0,0,0,0,0
121.5491643,25.0466167,749,43,0,2,2,2,4,4,0,0,0,0,0,0,1
121.554671,25.04463275,127,10,0,0,0,1,0,2,0,0,0,0,0,0,0
121.5552181,25.04689281,428,11,0,0,0,2,4,1,0,2,0,0,0,0,0
121.5438346,25.04801945,717,30,1,1,1,6,9,3,0,0,1,0,0,0,0
121.5726923,25.04564367,331,9,0,0,0,2,0,3,0,0,0,0,0,0,0
121.559189,25.04767902,659,39,0,0,0,7,1,2,0,1,0,0,0,0,0
121.5309992,25.0462505,1159,8,0,0,1,6,2,1,0,0,0,0,0,0,0
121.516417,25.04861742,5296,387,12,0,2,44,52,31,1,24,0,1,0,5,1
121.6151337,25.0463174,934,38,3,3,0,18,2,6,0,4,0,1,0,0,0
121.562918,25.043589,2442,41,0,0,1,8,14,7,0,3,0,1,0,0,2
121.5722369,25.04922746,808,2,0,0,0,4,1,1,0,0,0,0,0,0,0
121.5036836,25.04659738,2575,41,0,0,2,4,2,7,0,4,1,0,1,0,0
121.5777242,25.0489387,460,17,0,0,0,5,0,2,0,1,0,0,0,0,0
121.5778548,25.0489802,421,27,0,1,0,4,2,4,0,3,0,2,0,1,1
121.511351,25.04516381,2288,85,5,1,2,16,22,13,0,4,3,0,0,1,1
121.5851979,25.04797453,395,10,0,1,0,3,0,3,0,0,0,0,0,0,1
121.5863316,25.04866789,879,17,1,0,0,9,3,1,0,0,0,0,0,1,0
121.5661335,25.05128952,1453,43,0,1,0,9,9,7,0,2,0,0,0,0,0
121.5180254,25.04858757,1708,56,0,1,1,40,12,10,0,6,0,0,0,0,0
121.5637069,25.05137041,1731,74,0,2,0,4,8,9,0,8,0,0,0,0,0
121.5570042,25.04883195,823,45,2,2,0,2,1,5,0,2,0,0,0,0,0
121.5489194,25.04818714,1095,25,2,0,0,4,2,4,0,2,0,0,0,0,0
121.5438479,25.04833938,1468,96,0,0,1,5,16,9,0,3,3,0,0,0,0
121.5333893,25.04710496,1747,74,1,2,4,10,17,11,0,4,2,0,0,1,0
121.5298056,25.04837501,1237,66,0,1,0,9,8,8,0,3,1,0,0,0,0
121.5293931,25.04812454,994,66,0,0,18,5,2,11,0,3,0,0,0,0,0
121.5240272,25.0478622,1426,60,1,1,4,5,11,4,0,3,1,0,0,0,1
121.5766061,25.05139836,2408,59,3,0,1,14,1,5,0,9,0,0,0,1,0
121.5947141,25.05000507,957,31,1,0,0,12,2,4,0,2,0,0,0,0,2
121.5169533,25.05093069,637,28,1,0,1,3,12,4,0,0,0,0,0,0,2
121.5570717,25.05165254,397,48,0,1,1,3,7,3,0,3,2,0,0,0,0
121.5085398,25.0520057,3210,23,0,0,0,10,3,2,0,1,0,0,0,1,0
121.5138759,25.0515997,800,42,0,1,0,10,7,6,0,5,0,0,0,0,2
121.5571437,25.05222731,787,50,1,0,0,6,14,7,0,2,0,0,0,0,0
121.5661993,25.05142975,1100,15,1,0,0,6,2,7,0,1,0,0,0,1,0
121.5462147,25.05017033,2148,84,0,0,1,11,20,12,1,5,1,1,0,0,0
121.5383042,25.05307889,1428,68,2,1,2,10,21,11,0,2,0,0,0,1,0
121.5228216,25.05400793,1220,26,0,1,0,6,3,6,0,2,0,0,0,0,0
121.5810003,25.05092345,1340,17,1,0,0,9,1,4,0,0,0,0,0,0,0
121.6166355,25.05432411,800,33,1,0,0,6,3,3,0,2,0,0,0,1,0
121.6097835,25.05235003,676,45,1,0,0,14,6,4,0,9,0,0,0,2,3
121.6064287,25.0532714,922,7,1,2,0,10,10,4,0,1,0,0,0,0,0
121.5499257,25.05191446,735,36,0,0,1,3,4,4,0,1,0,0,0,1,0
121.5566213,25.05360994,497,9,0,0,0,4,1,1,0,0,0,0,0,0,0
121.5114602,25.0559914,999,35,1,2,3,9,19,7,0,2,1,0,0,0,1
121.513654,25.05401857,580,7,0,2,0,4,5,3,0,1,0,0,0,0,0
121.5603502,25.05530181,288,1,0,2,1,3,3,2,0,0,0,0,0,0,0
121.51526,25.056338,760,74,0,1,2,6,4,5,0,3,0,0,0,0,1
121.5671765,25.05597935,262,6,0,0,0,2,0,0,0,0,0,0,0,0,0
121.5178076,25.05329118,443,49,0,0,2,4,21,2,0,2,0,0,0,0,2
121.5461846,25.05609194,777,28,0,1,1,5,6,3,0,0,0,0,0,0,0
121.5440453,25.05767894,308,16,1,0,1,2,3,2,0,0,0,0,0,0,0
121.5405711,25.05748698,742,62,1,1,0,4,2,4,0,1,0,0,0,0,1
121.5778457,25.05329609,742,5,0,0,0,5,0,2,0,0,0,0,0,0,1
121.5206993,25.04824756,1851,124,0,1,2,4,21,10,0,3,1,0,1,2,1
121.5302617,25.05211633,975,73,2,0,3,9,15,8,0,3,0,0,0,0,0
121.5331939,25.05676512,1117,118,0,0,2,11,27,7,0,8,1,0,0,0,1
121.5278176,25.05256893,750,44,0,0,1,4,0,5,0,0,1,0,0,0,0
121.527277,25.05605182,1399,60,1,1,1,7,8,13,0,4,0,0,0,0,1
121.5970794,25.05423727,339,22,0,1,0,5,0,3,0,2,0,0,0,0,0
121.5530274,25.05722021,132,13,0,1,0,0,0,2,0,1,0,0,0,0,0
121.5562345,25.05628183,469,9,0,0,0,3,5,2,0,0,0,0,0,0,0
121.5638098,25.05884556,223,19,0,1,0,2,1,1,0,1,0,0,0,0,0
121.595437,25.0514615,1146,31,1,0,0,7,0,5,0,2,0,0,0,0,0
121.5932822,25.05874527,529,1,0,0,0,6,0,2,0,0,0,0,0,0,0
121.5255686,25.05895918,1155,30,1,1,1,3,1,9,0,2,0,0,0,0,1
121.5436399,25.06015633,840,38,0,0,0,3,2,9,0,0,0,0,0,0,0
121.5204882,25.05765086,1327,60,0,1,2,4,6,3,0,4,0,0,0,0,3
121.5302027,25.0579794,834,38,0,0,0,4,6,6,0,2,0,0,1,0,1
121.6071868,25.05330023,1406,78,0,0,0,11,2,4,0,2,0,0,0,1,0
121.5084798,25.05772565,817,13,0,1,0,3,12,6,1,4,0,0,2,0,0
121.5128114,25.05916667,664,9,0,0,0,4,3,2,0,2,0,0,0,0,0
121.5488347,25.05779565,1564,55,1,1,1,6,8,7,0,4,0,0,0,0,0
121.5372729,25.06183008,1346,40,1,0,1,5,9,4,0,3,0,0,0,1,2
121.5365035,25.05792858,1315,64,1,1,0,5,6,6,0,1,1,0,1,1,1
121.5545966,25.0618458,721,11,0,0,0,5,4,2,0,0,0,0,0,0,0
121.5302714,25.0611946,1232,50,1,2,0,5,2,7,0,0,0,0,0,0,0
121.5274839,25.06024535,1068,14,1,0,0,4,5,4,0,1,0,0,0,0,1
121.582228,25.05572457,2089,32,0,0,0,10,0,5,0,0,0,0,0,0,0
121.5159297,25.06162983,1623,12,0,0,0,9,1,5,0,1,0,0,0,0,2
121.5610243,25.06250187,459,37,1,1,0,3,1,4,0,1,0,0,0,0,0
121.56459,25.06297836,448,11,0,0,0,2,1,3,0,1,0,0,0,0,0
121.5087598,25.0632824,1465,10,0,0,1,4,6,3,0,5,0,0,0,0,0
121.5663466,25.06322192,501,21,0,0,0,3,0,3,0,0,0,0,0,0,0
121.5658987,25.05964431,1183,35,0,0,0,9,0,2,0,3,0,0,0,0,0
121.53231,25.0647096,1039,31,0,0,0,11,0,4,0,1,0,0,0,0,0
121.6139568,25.0552855,1796,62,3,0,0,23,8,9,0,5,0,0,0,2,1
121.523484,25.0628973,936,53,0,2,0,8,10,7,0,0,0,0,0,1,0
121.6015034,25.06095315,934,0,0,0,0,14,0,0,0,0,0,0,0,0,0
121.508977,25.06342563,1048,11,0,0,0,1,0,0,0,1,0,0,0,0,0
121.5111462,25.0640307,704,34,0,0,0,3,2,3,0,1,0,0,0,1,1
121.5147988,25.0630835,1168,30,0,0,0,8,2,6,0,3,0,0,0,0,0
121.522454,25.06492632,591,36,0,1,2,1,1,7,0,2,0,0,1,0,1
121.5443184,25.06226419,763,13,0,0,0,4,1,3,0,0,0,0,0,0,0
121.5949564,25.06106001,2334,15,0,0,0,15,1,2,0,0,0,0,0,0,0
121.5777028,25.04076533,559,24,0,0,0,4,5,6,0,3,0,0,0,0,2
121.5740984,25.04215997,174,4,0,0,0,1,1,1,0,0,0,0,0,0,2
121.5536841,25.04452522,466,29,0,0,0,1,1,3,0,1,0,0,1,0,0
121.5430338,25.06638164,1205,18,1,0,0,6,1,1,0,2,0,0,0,0,1
121.5396391,25.0651687,708,53,0,0,0,7,1,5,0,1,0,0,0,0,0
121.5356963,25.06250738,1123,37,0,1,0,9,1,4,0,4,0,0,0,0,1
121.5345793,25.06732755,838,10,0,0,0,6,0,2,0,0,0,0,0,0,0
121.5304146,25.0665906,474,23,0,0,0,3,1,4,0,1,0,0,0,0,0
121.5202217,25.06303937,2402,113,2,2,0,6,19,13,0,10,1,0,0,1,1
121.5183113,25.06776299,470,16,0,0,0,4,1,2,0,1,0,0,0,0,0
121.5148602,25.0680037,212,7,0,1,0,2,1,0,0,0,0,0,0,0,0
121.5090902,25.06782743,303,13,0,0,0,2,0,0,0,1,0,0,0,0,0
121.6142406,25.06745392,1370,17,0,2,0,4,3,4,0,5,0,0,1,1,0
121.5136791,25.06864367,672,26,0,0,0,6,0,2,0,0,0,0,0,0,0
121.6112223,25.07037097,506,4,0,1,0,2,2,1,0,0,0,0,0,0,0
121.5442528,25.06773131,1705,29,3,2,0,13,5,7,0,3,0,0,0,1,4
121.5159379,25.06915539,1321,62,0,0,0,10,7,7,0,5,0,0,0,0,2
121.5108894,25.07136506,722,25,0,1,0,4,0,2,0,0,0,0,0,0,0
121.610043,25.07200995,427,18,0,2,0,2,2,1,0,1,0,0,0,0,0
121.6035059,25.06967069,720,23,0,1,0,3,2,5,0,2,0,0,0,0,0
121.5810146,25.06759864,6767,108,5,2,0,38,3,14,0,4,0,0,0,0,1
121.6183058,25.07071896,502,25,0,1,0,5,0,0,0,1,0,0,0,0,0
121.5186204,25.07225444,535,26,0,1,0,7,1,4,0,3,0,0,0,0,0
121.6176812,25.06962567,608,25,0,0,0,4,1,6,0,0,0,0,0,0,0
121.6138823,25.06877909,454,40,0,2,0,2,0,5,0,0,0,0,0,0,0
121.5901202,25.06889043,1493,26,0,0,0,9,0,3,0,0,0,0,0,0,0
121.5909585,25.06846672,1781,23,0,1,0,15,1,4,0,1,0,1,0,0,0
121.5658992,25.06327923,1118,3,0,0,0,10,1,1,0,0,0,0,0,0,0
121.579158,25.07372529,447,5,1,0,1,1,5,0,0,0,0,0,0,0,0
121.5444498,25.0760885,1966,2,0,0,0,11,0,0,0,0,0,0,0,0,1
121.5325769,25.06821683,984,12,0,1,0,9,0,4,0,0,0,0,0,0,2
121.5240362,25.0725414,1752,23,1,0,1,15,5,5,0,1,0,0,0,1,3
121.6114938,25.07441176,263,2,0,0,0,5,0,2,0,0,0,0,0,0,1
121.5835749,25.07639456,675,46,0,0,0,3,1,4,0,0,0,0,0,0,0
121.6040834,25.07295396,846,9,1,0,0,12,2,4,0,1,0,0,0,1,0
121.5114361,25.07381127,892,3,1,0,0,7,0,3,0,0,0,0,0,0,0
121.5955979,25.07806139,362,8,0,0,0,10,1,3,0,1,0,0,0,0,0
121.5203199,25.07658179,1052,3,0,0,0,2,0,0,0,1,0,0,0,0,1
121.5836106,25.07850705,516,26,0,1,0,9,1,3,0,3,0,0,0,1,0
121.544505,25.07801978,1120,30,0,1,0,6,4,6,0,2,2,0,0,1,0
121.5249842,25.07801752,1162,12,0,0,0,2,1,1,0,1,0,1,0,0,0
121.5763358,25.07942551,3002,103,4,5,0,13,16,17,0,3,2,0,0,0,0
121.5908542,25.07832605,872,51,0,3,0,7,7,5,1,6,2,0,0,0,0
121.5083391,25.08159875,290,5,0,0,0,4,0,1,0,0,0,0,0,0,0
121.5204909,25.08096266,380,52,0,1,0,3,0,6,0,0,0,0,1,0,1
121.5760908,25.08136488,295,22,0,1,1,2,0,5,0,1,0,0,0,1,0
121.513113,25.08374416,525,6,0,0,0,5,0,4,0,1,0,0,0,0,0
121.524171,25.08194177,727,19,0,1,0,5,1,5,0,1,0,0,0,0,0
121.5936317,25.08043531,633,20,0,2,0,6,0,5,0,2,1,0,0,0,0
121.5597103,25.08365827,1893,70,0,0,1,17,2,5,1,1,0,1,0,0,0
121.5181708,25.08391842,211,33,0,0,0,2,0,3,0,1,1,0,0,0,0
121.5928131,25.08401601,593,52,1,5,1,9,6,8,0,9,4,0,0,1,0
121.5498216,25.08490973,1681,38,1,1,0,13,4,4,0,4,0,0,0,0,0
121.5655876,25.08583513,1698,119,0,1,1,13,13,15,0,8,1,0,1,1,0
121.507176,25.08465942,1036,6,0,1,0,4,0,3,0,1,0,0,0,0,0
121.5705914,25.08429619,495,85,0,0,0,4,6,4,0,2,0,0,0,0,0
121.5936948,25.0847818,492,25,0,0,0,7,0,3,0,1,1,0,0,0,0
121.5987574,25.08466344,420,10,0,0,0,5,0,3,0,0,0,0,0,0,1
121.5233594,25.0848824,556,23,0,0,0,3,0,5,0,2,0,0,0,0,0
121.5093196,25.08657861,1017,8,0,1,0,3,1,2,0,0,0,0,0,0,0
121.580818,25.08469385,820,8,1,3,0,10,1,4,0,1,0,0,0,0,0
121.5159105,25.08668252,379,10,0,1,0,4,0,1,0,0,0,0,0,0,0
121.5065665,25.0866449,1087,10,0,0,0,4,0,4,0,0,0,0,0,0,0
121.5774267,25.08009925,892,82,0,2,0,5,1,6,0,3,0,0,1,0,2
121.5247442,25.0842567,891,60,0,0,3,6,4,4,0,1,2,0,0,1,0
121.6165523,25.07500843,196,3,0,0,0,9,0,0,0,0,0,0,0,0,0
121.5444806,25.07977308,1780,9,1,0,0,19,1,2,0,0,0,0,1,0,2
121.5268307,25.08934123,606,49,0,0,0,4,7,8,1,2,0,1,0,0,1
121.5527481,25.08584521,710,3,0,0,0,1,0,2,0,0,0,0,0,1,0
121.5479227,25.08035572,1347,69,0,2,0,3,12,6,0,6,0,0,0,0,0
121.5725018,25.08584981,603,10,0,0,0,6,1,1,0,0,0,0,0,0,0
121.5220458,25.09254521,1543,38,0,0,0,13,8,4,0,2,0,0,0,0,0
121.5088287,25.08800979,990,30,0,1,0,5,1,1,0,0,0,0,0,0,0
121.507641,25.08924077,260,24,0,0,0,3,0,3,0,1,0,0,0,0,0
121.5032189,25.09259029,654,11,0,1,0,7,0,4,0,0,0,0,0,0,0
121.5144718,25.0942928,2271,16,1,0,0,12,1,3,0,1,0,0,0,0,0
121.5623351,25.08496552,1420,27,1,2,0,8,1,4,0,2,0,0,0,0,2
121.5678743,25.08639137,599,16,0,1,0,1,1,7,0,1,0,0,0,0,3
121.5192633,25.09616401,1481,28,0,0,0,12,5,5,0,6,2,0,0,0,1
121.5276425,25.0923336,3102,27,1,1,1,19,7,3,0,4,0,0,0,1,2
121.5240438,25.09714859,772,12,0,0,0,4,4,3,0,0,0,1,0,0,0
121.5292451,25.09607715,936,7,0,0,0,4,2,2,0,2,0,0,0,0,2
121.5212926,25.10423116,814,30,0,0,0,6,3,3,0,0,1,0,0,0,0
121.6018411,25.08518281,343,4,0,2,0,8,1,2,0,0,0,0,0,1,3
121.5324268,25.10126657,969,8,1,0,0,11,0,3,0,1,0,0,0,0,0
121.5262702,25.10086383,1223,82,1,0,0,10,2,2,0,2,0,0,0,1,0
121.5892423,25.0863297,255,10,0,1,1,3,0,3,0,2,0,0,0,0,0
121.527635,25.10593229,388,18,0,0,0,7,2,3,0,1,0,0,0,0,0
121.5371995,25.10029194,1065,10,0,0,0,10,0,1,0,0,0,0,0,0,1
121.6217059,25.0762293,285,1,0,0,0,13,0,2,0,0,0,0,0,0,2
121.5115455,25.10806488,1324,4,0,0,0,11,0,1,0,0,0,0,0,0,0
121.5313232,25.10805615,343,43,0,1,0,6,0,1,0,2,0,0,0,0,0
121.5149373,25.10963569,219,4,0,0,0,1,0,1,0,0,0,0,0,0,0
121.5158457,25.11033154,330,16,0,1,0,3,1,7,0,1,0,0,0,0,0
121.5278754,25.10752288,780,56,0,1,0,4,5,5,0,3,6,0,0,0,0
121.5617557,25.10796291,75,0,0,0,0,32,0,0,0,0,0,0,0,0,3
121.5432097,25.0972356,975,8,0,0,0,21,2,3,0,0,0,0,0,0,0
121.5010218,25.1022644,210,0,0,0,0,11,0,0,0,0,0,0,0,0,2
121.5230736,25.10549612,860,43,0,0,0,6,4,2,0,1,1,1,0,0,0
121.5104018,25.11156018,1294,11,1,1,0,4,0,2,0,1,0,0,0,0,0
121.5073481,25.11425324,504,12,0,0,0,3,0,2,0,1,0,0,0,0,0
121.4863599,25.1099604,979,8,0,0,0,18,0,0,0,0,0,0,0,0,3
121.5151914,25.11312966,604,26,0,1,0,3,0,4,0,1,0,0,0,0,0
121.5190255,25.11238616,792,11,1,2,0,3,2,3,0,0,0,0,0,1,0
121.5897626,25.09052557,284,8,0,1,0,10,2,2,0,1,0,0,1,0,2
121.4771198,25.1095859,358,3,0,0,0,19,1,2,0,0,0,0,0,0,5
121.5299907,25.1122394,476,25,1,2,0,2,5,2,0,6,2,0,0,0,0
121.5396485,25.10197548,636,3,0,0,0,12,0,0,0,0,0,0,0,0,0
121.5375822,25.11436185,1021,59,1,0,0,14,3,6,0,2,1,0,0,0,1
121.5317983,25.11689065,479,32,0,0,0,3,2,4,0,0,0,0,0,0,0
121.5050523,25.1165556,813,7,0,0,0,6,1,4,0,0,0,0,0,0,0
121.5078304,25.11619418,270,36,0,0,0,0,0,3,0,1,0,0,0,0,0
121.5269272,25.11364195,423,13,0,1,0,5,5,3,0,0,2,0,0,0,0
121.5131731,25.1174467,481,28,0,1,0,2,0,3,0,1,0,0,0,0,1
121.5179289,25.11705047,896,51,0,0,0,7,2,4,0,1,0,0,0,1,0
121.516831,25.11818511,532,16,0,0,0,6,1,3,0,0,0,0,0,0,1
121.5218959,25.11145817,741,19,5,0,0,8,4,6,0,1,0,0,0,0,1
121.5504422,25.11422607,496,7,0,0,0,6,0,2,0,0,0,0,0,0,0
121.5055198,25.11943172,830,27,0,1,0,5,0,3,0,1,0,0,0,0,0
121.5293391,25.1201001,593,52,0,2,3,10,13,5,1,1,3,0,0,0,0
121.4633734,25.11729955,1388,67,0,0,0,10,1,8,0,1,0,0,0,0,3
121.5328686,25.11913557,375,15,0,1,0,7,2,7,0,0,0,0,0,0,0
121.51572,25.11867294,503,10,0,2,0,12,2,1,0,0,0,0,0,1,1
121.5337952,25.12293251,235,1,0,0,0,4,0,2,0,0,0,0,0,0,0
121.5015574,25.11954809,3102,16,1,0,0,13,1,1,0,0,0,0,0,1,0
121.5228342,25.11898321,971,16,0,2,0,12,0,2,0,0,0,0,0,0,0
121.5012146,25.12834965,659,83,0,1,0,5,1,5,0,3,0,0,1,0,1
121.5012526,25.13179245,602,63,0,0,0,6,3,7,0,1,0,0,0,1,0
121.5375132,25.1113374,454,3,0,0,0,8,0,3,0,0,0,0,0,0,1
121.4978292,25.13212613,755,42,1,1,0,12,9,2,0,3,1,0,0,0,0
121.5075482,25.1275741,567,1,0,2,0,14,0,6,0,2,2,0,0,0,4
121.5072956,25.13613128,339,23,0,0,0,5,1,3,0,2,0,0,0,0,0
121.4979478,25.13573519,705,45,0,1,0,7,6,5,0,8,0,0,0,0,0
121.553025,25.11975169,399,2,0,0,0,33,0,1,0,0,0,0,0,0,0
121.4959749,25.13653487,501,9,0,1,0,3,1,4,0,0,0,0,0,0,0
121.4985256,25.13751417,314,39,0,0,0,2,2,2,0,1,0,0,0,0,0
121.5580368,25.1242363,37,0,0,0,0,17,0,1,0,0,0,0,0,0,0
121.4683955,25.12813596,2034,45,3,0,0,35,4,7,0,2,0,1,0,2,1
121.528145,25.12258708,553,11,0,0,0,16,2,3,0,2,0,1,0,0,1
121.5254798,25.12355715,478,7,0,1,0,20,0,4,0,0,0,0,0,0,5
121.5107155,25.14011842,323,5,1,0,0,29,0,1,0,0,0,0,0,0,2
121.4983891,25.13697833,353,12,0,0,0,2,0,0,0,1,0,0,0,0,1
121.4845894,25.14235855,482,15,0,0,0,6,0,4,0,0,0,0,0,1,1
121.5057657,25.1392036,562,27,0,2,0,18,0,4,0,3,0,0,1,1,0
121.6000484,25.13585265,199,0,0,0,0,61,1,0,0,0,0,0,0,0,5
121.546881,25.13106719,1278,75,1,2,0,26,6,8,0,3,0,0,0,0,0
121.5493851,25.14901449,437,8,0,0,0,48,0,1,0,0,0,0,0,0,2
121.5740513,25.13253307,48,4,0,0,0,33,0,0,0,0,0,0,0,0,0
121.5653351,25.15926788,226,5,0,0,0,59,4,1,0,0,0,0,0,0,1
121.495946,25.14268218,84,8,0,1,0,2,0,1,0,0,0,0,0,0,0
121.4995017,25.1417863,219,20,0,1,0,6,0,2,0,0,0,0,0,0,1
121.4994352,25.14127055,345,16,0,0,0,3,1,4,0,1,0,0,0,0,1
121.4889592,25.14280795,438,6,0,1,0,7,1,0,0,0,0,0,0,0,0
121.4950922,25.14519751,114,9,0,0,0,3,0,2,0,0,0,0,0,0,0
121.5285147,25.15520146,174,0,0,0,0,33,0,1,0,0,0,0,0,0,5
121.4996409,25.15790713,64,1,0,0,0,3,0,0,0,0,0,0,0,0,4
121.5428314,25.16590265,424,12,0,0,0,47,1,0,0,0,0,0,0,0,0
